Brand,Model
Abarth,124
Abarth,500
Abarth,595
Abarth,695
Abarth,Grande Punto
Abarth,Inny
Abarth,Punto Evo
Acura,CL
Acura,Inny
Acura,Integra
Acura,Legend
Acura,MDX
Acura,NSX
Acura,RDX
Acura,RL
Acura,RSX
Acura,TL
Acura,TSX
Acura,Vigor
Acura,ZDX
Aito,Inny
Aito,M9
Aiways,U5
Aiways,U6
Aixam,A721
Aixam,A741
Aixam,A751
Aixam,City
Aixam,Coupe
Aixam,Crossline
Aixam,Crossover
Aixam,GTO
Aixam,Inny
Aixam,Roadline
Aixam,Scouty
Aixam,Scouty R
Alfa Romeo,145
Alfa Romeo,146
Alfa Romeo,147
Alfa Romeo,155
Alfa Romeo,156
Alfa Romeo,159
Alfa Romeo,164
Alfa Romeo,166
Alfa Romeo,33
Alfa Romeo,4C
Alfa Romeo,75
Alfa Romeo,90
Alfa Romeo,Alfasud
Alfa Romeo,Alfetta
Alfa Romeo,Brera
Alfa Romeo,Crosswagon
Alfa Romeo,Giulia
Alfa Romeo,Giulietta
Alfa Romeo,GT
Alfa Romeo,GTV
Alfa Romeo,Inny
Alfa Romeo,Junior
Alfa Romeo,Mito
Alfa Romeo,RS
Alfa Romeo,Spider
Alfa Romeo,Sportwagon
Alfa Romeo,Sprint
Alfa Romeo,Stelvio
Alfa Romeo,Tonale
Alpine,A110
Alpine,A290
Arcfox,Alpha S5
Arcfox,Alpha-S
Arcfox,Alpha-T
Arcfox,Kaola
Asia,Rocsta
Aston Martin,Bulldog
Aston Martin,Cygnet
Aston Martin,DB
Aston Martin,DB Mk III
Aston Martin,DB1
Aston Martin,DB11
Aston Martin,DB12
Aston Martin,DB2
Aston Martin,DB4
Aston Martin,DB5
Aston Martin,DB6
Aston Martin,DB7
Aston Martin,DB9
Aston Martin,DBS
Aston Martin,DBS Superleggera
Aston Martin,DBX
Aston Martin,DBX707
Aston Martin,Inny
Aston Martin,Lagonda
Aston Martin,One-77
Aston Martin,Rapide
Aston Martin,V12 Vanquish
Aston Martin,V12 Vantage
Aston Martin,V8
Aston Martin,V8 Vantage
Aston Martin,V8 Zagato
Aston Martin,Vanquish
Aston Martin,Vantage
Aston Martin,Virage
Aston Martin,Volatne
Audi,100
Audi,200
Audi,80
Audi,90
Audi,A1
Audi,A2
Audi,A3
Audi,A4
Audi,A4 Allroad
Audi,A5
Audi,A6
Audi,A6 Allroad
Audi,A7
Audi,A8
Audi,Cabriolet
Audi,Coupe
Audi,e-tron
Audi,e-tron GT
Audi,Inny
Audi,Q2
Audi,Q3
Audi,Q3 Sportback
Audi,Q4
Audi,Q4 Sportback
Audi,Q5
Audi,Q5 Sportback
Audi,Q6
Audi,Q7
Audi,Q8
Audi,Quattro
Audi,R8
Audi,RS e-tron GT
Audi,RS Q3
Audi,RS Q8
Audi,RS2
Audi,RS3
Audi,RS4
Audi,RS5
Audi,RS6
Audi,RS7
Audi,S1
Audi,S2
Audi,S3
Audi,S4
Audi,S5
Audi,S6
Audi,S7
Audi,S8
Audi,SQ2
Audi,SQ5
Audi,SQ6
Audi,SQ7
Audi,SQ8
Audi,TT
Audi,TT RS
Audi,TT S
Audi,V8
Austin,Allegro
Austin,Ambasador
Austin,Healey
Austin,Inny
Austin,Maxi
Austin,Metro
Austin,Mini
Austin,Montego
Autobianchi,Bianchina
AVATR,11
AVATR,12
Baic,B40
Baic,Beijing 3
Baic,Beijing 5
Baic,Beijing 7
Baic,BJ20
Baic,BJ40
Baic,BJ60
Baic,D20
Baic,Inny
Baic,Senova X25
Baic,Senova X35
Baic,Senova X55
Baic,Senova X65
Bentley,Arnage
Bentley,Azure
Bentley,Bentayga
Bentley,Brooklands
Bentley,Continental GT
Bentley,Eight
Bentley,Flying Spur
Bentley,Inny
Bentley,Mulsanne
Bentley,Turbo R
Bentley,Turbo RT
Bentley,Turbo S
BMW,1M
BMW,3GT
BMW,5GT
BMW,6GT
BMW,i3
BMW,i4
BMW,i5
BMW,i7
BMW,i8
BMW,Inny
BMW,iX
BMW,iX1
BMW,iX2
BMW,iX3
BMW,M2
BMW,M3
BMW,M4
BMW,M5
BMW,M6
BMW,M8
BMW,Seria 1
BMW,Seria 2
BMW,Seria 3
BMW,Seria 4
BMW,Seria 5
BMW,Seria 6
BMW,Seria 7
BMW,Seria 8
BMW,X1
BMW,X2
BMW,X3
BMW,X3 M
BMW,X4
BMW,X4 M
BMW,X5
BMW,X5 M
BMW,X6
BMW,X6M
BMW,X7
BMW,XM
BMW,Z1
BMW,Z3
BMW,Z4
BMW,Z4 M
BMW,Z8
BMW-ALPINA,B10
BMW-ALPINA,B12
BMW-ALPINA,B3
BMW-ALPINA,B4
BMW-ALPINA,B5
BMW-ALPINA,B6
BMW-ALPINA,B7
BMW-ALPINA,B8
BMW-ALPINA,D10
BMW-ALPINA,D3
BMW-ALPINA,D4
BMW-ALPINA,D5
BMW-ALPINA,Inny
BMW-ALPINA,Roadster S
BMW-ALPINA,XB7
BMW-ALPINA,XD3
BMW-ALPINA,XD4
Brilliance,BC3
Brilliance,BS2
Brilliance,BS4
Brilliance,BS6
Brilliance,Inny
Bugatti,Chiron
Bugatti,Divo
Bugatti,EB 110
Bugatti,Inny
Bugatti,Veyron
Buick,Centurion
Buick,Century
Buick,Electra
Buick,Enclave
Buick,Encore
Buick,Inny
Buick,Lacrosse
Buick,Le Sabre
Buick,Lucerne
Buick,Park Avenue
Buick,Reatta
Buick,Regal
Buick,Rendezvous
Buick,Riviera
Buick,Roadmaster
Buick,Skyhawk
Buick,Skylark
BYD,Atto 2
BYD,Atto 3
BYD,Dolphin
BYD,Dolphin Mini
BYD,Han
BYD,Inny
BYD,Seagull
BYD,Seal
BYD,Seal 6
BYD,Seal U
BYD,Sealion 5
BYD,Sealion 7
BYD,Song
BYD,Tang
BYD,Yuan
Cadillac,Allante
Cadillac,ATS
Cadillac,BLS
Cadillac,Brougham
Cadillac,Catera
Cadillac,Cimarron
Cadillac,CT4
Cadillac,CT5
Cadillac,CT6
Cadillac,CTS
Cadillac,Deville
Cadillac,DTS
Cadillac,Eldorado
Cadillac,ELR
Cadillac,Escalade
Cadillac,Fleetwood
Cadillac,Inny
Cadillac,Seville
Cadillac,SLS
Cadillac,SRX
Cadillac,STS
Cadillac,STS-V
Cadillac,XLR
Cadillac,XLR-V
Cadillac,XT4
Cadillac,XT5
Cadillac,XT6
Cadillac,XTS
Casalini,Inny
Casalini,Kerry
Casalini,M10
Casalini,M12
Casalini,M14
Casalini,M14 2.0
Casalini,Pickup
Casalini,Sulky
Casalini,Ydea
Caterham,Academy
Caterham,CSR
Caterham,Inny
Caterham,Roadsport
Caterham,Seven
Caterham,Super Seven
Cenntro,Avantier
Cenntro,Inny
Changan,UNI-K
Changan,UNI-T
Changan,UNI-V
Chatenet,CH22 Barooder
Chatenet,CH26
Chatenet,CH30
Chatenet,CH32
Chatenet,CH40
Chatenet,CH46
Chatenet,Inny
Chatenet,Media
Chatenet,Speedino
Chatenet,Sporteevo
Chatenet,Stella
Chevrolet,1500
Chevrolet,2500
Chevrolet,3500
Chevrolet,Alero
Chevrolet,Apache
Chevrolet,Astro
Chevrolet,Avalanche
Chevrolet,Aveo
Chevrolet,Bel Air
Chevrolet,Beretta
Chevrolet,Blazer
Chevrolet,Bolt
Chevrolet,C-10
Chevrolet,C-20
Chevrolet,C-30
Chevrolet,Camaro
Chevrolet,Caprice
Chevrolet,Captiva
Chevrolet,Cavalier
Chevrolet,Celebrity
Chevrolet,Chevelle
Chevrolet,Chevy Van
Chevrolet,Citation
Chevrolet,Cobalt
Chevrolet,Colorado
Chevrolet,Corsica
Chevrolet,Corvette
Chevrolet,Cruze
Chevrolet,El Camino
Chevrolet,Epica
Chevrolet,Equinox
Chevrolet,Evanda
Chevrolet,Express
Chevrolet,G
Chevrolet,HHR
Chevrolet,Impala
Chevrolet,Inny
Chevrolet,K1500
Chevrolet,K30
Chevrolet,Kalos
Chevrolet,Lacetti
Chevrolet,Lumina
Chevrolet,Malibu
Chevrolet,Matiz
Chevrolet,Monte Carlo
Chevrolet,Monza
Chevrolet,Nova
Chevrolet,Nubira
Chevrolet,Orlando
Chevrolet,Rezzo
Chevrolet,S-10
Chevrolet,Silverado
Chevrolet,Spark
Chevrolet,Spectrum
Chevrolet,SSR
Chevrolet,Suburban
Chevrolet,Tacuma
Chevrolet,Tahoe
Chevrolet,Trailblazer
Chevrolet,Trans Sport
Chevrolet,Traverse
Chevrolet,Trax
Chevrolet,Venture
Chevrolet,Volt
Chrysler,200
Chrysler,300
Chrysler,300C
Chrysler,300M
Chrysler,300s
Chrysler,Aspen
Chrysler,Caravan
Chrysler,Concorde
Chrysler,Crossfire
Chrysler,Daytona
Chrysler,ES
Chrysler,Grand Voyager
Chrysler,GS
Chrysler,GTS
Chrysler,Inny
Chrysler,Le Baron
Chrysler,LHS
Chrysler,Neon
Chrysler,New Yorker
Chrysler,Pacifica
Chrysler,Prowler
Chrysler,PT Cruiser
Chrysler,Saratoga
Chrysler,Sebring
Chrysler,Stratus
Chrysler,Town & Country
Chrysler,Valiant
Chrysler,Viper
Chrysler,Vision
Chrysler,Voyager
Citroën,2 CV
Citroën,AX
Citroën,Axel
Citroën,Berlingo
Citroën,BX
Citroën,C-Crosser
Citroën,C-Elysée
Citroën,C-Zero
Citroën,C1
Citroën,C2
Citroën,C3
Citroën,C3 Aircross
Citroën,C3 Picasso
Citroën,C3 Pluriel
Citroën,C4
Citroën,C4 Aircross
Citroën,C4 Cactus
Citroën,C4 Grand Picasso
Citroën,C4 Picasso
Citroën,C4 SpaceTourer
Citroën,C4X
Citroën,C5
Citroën,C5 Aircross
Citroën,C5X
Citroën,C6
Citroën,C8
Citroën,CX
Citroën,DS
Citroën,DS3
Citroën,DS4
Citroën,DS5
Citroën,DS7
Citroën,Evasion
Citroën,GSA
Citroën,Inny
Citroën,Jumper
Citroën,Jumpy Combi
Citroën,Nemo
Citroën,Saxo
Citroën,SM
Citroën,SpaceTourer
Citroën,Visa
Citroën,Xantia
Citroën,XM
Citroën,Xsara
Citroën,Xsara Picasso
Citroën,ZX
Cupra,Ateca
Cupra,Born
Cupra,Formentor
Cupra,Inny
Cupra,Leon
Cupra,Leon Sportstourer
Cupra,Tavascan
Cupra,Terramar
Dacia,1300
Dacia,1310
Dacia,1400
Dacia,1410
Dacia,Bigster
Dacia,Dokker
Dacia,Dokker Van
Dacia,Duster
Dacia,Inny
Dacia,Jogger
Dacia,Lodgy
Dacia,Logan
Dacia,Logan Van
Dacia,Nova
Dacia,Pick Up
Dacia,Sandero
Dacia,Sandero Stepway
Dacia,Solenza
Dacia,Spring
Dacia,Super Nova
Daewoo,Chairman
Daewoo,Cielo
Daewoo,Espero
Daewoo,Evanda
Daewoo,Inny
Daewoo,Kalos
Daewoo,Korando
Daewoo,Lacetti
Daewoo,Lanos
Daewoo,Leganza
Daewoo,Matiz
Daewoo,Musso
Daewoo,Nexia
Daewoo,Nubira
Daewoo,Racer
Daewoo,Rezzo
Daewoo,Tacuma
Daewoo,Tico
Daihatsu,Applause
Daihatsu,Charade
Daihatsu,Charmant
Daihatsu,Copen
Daihatsu,Cuore
Daihatsu,Feroza
Daihatsu,Fourtrak
Daihatsu,Freeclimber
Daihatsu,Gran Move
Daihatsu,Hijet
Daihatsu,Inny
Daihatsu,Materia
Daihatsu,Move
Daihatsu,Rocky
Daihatsu,Sirion
Daihatsu,Sportrak
Daihatsu,Terios
Daihatsu,Trevis
Daihatsu,YRV
DeLorean,DMC-12
DFM,Forthing 4
DFM,Forthing 5
DFSK,Double Cab
DFSK,Fengon 5
DFSK,Fengon 500
DFSK,Fengon 580
DFSK,Fengon 7
DFSK,Glory 580
DFSK,Mini Bus
DFSK,Mini Van
DFSK,Pick Up
DFSK,Seres 3
DFSK,Seres 5
DKW,Inny
Dodge,Avenger
Dodge,Caliber
Dodge,Caravan
Dodge,Challenger
Dodge,Charger
Dodge,Dakota
Dodge,Dart
Dodge,Daytona
Dodge,Diplomat
Dodge,Durango
Dodge,Dynasty
Dodge,Grand Caravan
Dodge,Hornet
Dodge,Inny
Dodge,Intrepid
Dodge,Journey
Dodge,Magnum
Dodge,Monaco
Dodge,Neon
Dodge,Nitro
Dodge,Omni
Dodge,RAM
Dodge,RAM TRX
Dodge,Spirit
Dodge,Stealth
Dodge,Stratus
Dodge,Viper
DR MOTOR,DR 1.0
DR MOTOR,DR 3.0
DR MOTOR,DR 5.0
DR MOTOR,DR 6.0
DR MOTOR,Inny
DS Automobiles,DS 3
DS Automobiles,DS 3 Crossback
DS Automobiles,DS 4
DS Automobiles,DS 4 Crossback
DS Automobiles,DS 5
DS Automobiles,DS 7 Crossback
DS Automobiles,DS 9
DS Automobiles,Inny
e.GO,e.wave X
e.GO,Inny
e.GO,Inny
e.GO,Life 20
e.GO,Life 40
e.GO,Life 60
Elaris,BEO
Elaris,DYO
Elaris,Inny
Elaris,JACO
Elaris,Lenn
Elaris,LEO
Elaris,Pio
FAW,HQ
Ferrari,Daytona SP3
Ferrari,208
Ferrari,248
Ferrari,250
Ferrari,288
Ferrari,296 GTB
Ferrari,296 GTS
Ferrari,308
Ferrari,328
Ferrari,330
Ferrari,348
Ferrari,360
Ferrari,365
Ferrari,400
Ferrari,412
Ferrari,456
Ferrari,458 Italia
Ferrari,458 Speciale
Ferrari,488
Ferrari,488 Pista
Ferrari,488 Pista Spider
Ferrari,512
Ferrari,575
Ferrari,599GTB
Ferrari,612
Ferrari,750
Ferrari,812 GTS
Ferrari,812 Superfast
Ferrari,California
Ferrari,California T
Ferrari,Daytona
Ferrari,Dino GT4
Ferrari,Enzo
Ferrari,F12berlinetta
Ferrari,F355
Ferrari,F360
Ferrari,F40
Ferrari,F430
Ferrari,F50
Ferrari,F550
Ferrari,F8 Spider
Ferrari,F8 Tributo
Ferrari,FF
Ferrari,GTC4Lusso
Ferrari,Inny
Ferrari,LaFerrari
Ferrari,Mondial
Ferrari,Portofino
Ferrari,Portofino M
Ferrari,Purosangue
Ferrari,Roma
Ferrari,Roma Spider
Ferrari,SF90 Spider
Ferrari,SF90 Stradale
Ferrari,Superamerica
Ferrari,Testarossa
Fiat,124
Fiat,124 Spider
Fiat,125p
Fiat,126
Fiat,127
Fiat,128
Fiat,130
Fiat,131
Fiat,132
Fiat,500
Fiat,500e
Fiat,500L
Fiat,500X
Fiat,600
Fiat,850
Fiat,Albea
Fiat,Barchetta
Fiat,Brava
Fiat,Bravo
Fiat,Cinquecento
Fiat,Coupe
Fiat,Croma
Fiat,Dino
Fiat,Doblo
Fiat,Ducato
Fiat,Fiorino
Fiat,Freemont
Fiat,Fullback
Fiat,Grande Punto
Fiat,Idea
Fiat,Inny
Fiat,Linea
Fiat,Marea
Fiat,Multipla
Fiat,Palio
Fiat,Panda
Fiat,Punto
Fiat,Punto 2012
Fiat,Punto Evo
Fiat,Qubo
Fiat,Regata
Fiat,Ritmo
Fiat,Scudo
Fiat,Sedici
Fiat,Seicento
Fiat,Siena
Fiat,Spider Europa
Fiat,Stilo
Fiat,Strada
Fiat,Talento
Fiat,Tempra
Fiat,Tipo
Fiat,Ulysse
Fiat,Uno
Fiat,X 1
Fisker,Karma
Ford,Aerostar
Ford,Aspire
Ford,B-MAX
Ford,Bronco
Ford,C-MAX
Ford,Capri
Ford,Contour
Ford,Cougar
Ford,Courier
Ford,Crown
Ford,Econoline
Ford,Econovan
Ford,EcoSport
Ford,Edge
Ford,Escape
Ford,Escort
Ford,Excursion
Ford,Expedition
Ford,Explorer
Ford,F150
Ford,F250
Ford,F350
Ford,Fairlane
Ford,Falcon
Ford,Festiva
Ford,Fiesta
Ford,FIVE HUNDRED
Ford,Flex
Ford,Focus
Ford,Focus C-Max
Ford,Freestar
Ford,Freestyle
Ford,Fusion
Ford,Galaxy
Ford,Granada
Ford,Grand C-MAX
Ford,GT
Ford,Inny
Ford,KA
Ford,Ka+
Ford,Kuga
Ford,Maverick
Ford,Mercury
Ford,Mondeo
Ford,Mustang
Ford,Mustang Mach-E
Ford,Orion
Ford,Probe
Ford,Puma
Ford,Ranchero
Ford,Ranger
Ford,Ranger Raptor
Ford,S-Max
Ford,Scorpio
Ford,Sierra
Ford,Streetka
Ford,Taunus
Ford,Taurus
Ford,Tempo
Ford,Thunderbird
Ford,Tourneo Connect
Ford,Tourneo Connect Grand
Ford,Tourneo Courier
Ford,Tourneo Custom
Ford,Transit
Ford,Transit Connect
Ford,Transit Courier
Ford,Transit Custom
Ford,Windstar
Forthing,Inny
Forthing,T5 EVO
Forthing,U Tour
Gaz,67
Gaz,69
Gaz,Inny
Geely,Azkarra
Geely,Ck
Geely,Coolray
Geely,Emgrand
Geely,Geometry C
Geely,Geometry M6
Geely,Monjaro
Geely,New Coolray
Geely,Okavango
Geely,Tugella
Genesis,Electrified G80
Genesis,Electrified GV70
Genesis,G70
Genesis,G80
Genesis,G90
Genesis,GV60
Genesis,GV70
Genesis,GV80
Genesis,Inny
GMC,Acadia
GMC,Envoy
GMC,Inny
GMC,Safari
GMC,Savana
GMC,Sierra
GMC,Sonoma
GMC,Syclone
GMC,Terrain
GMC,Typhoon
GMC,Vandura
GMC,Yukon
GWM,Altul
GWM,Cowry
GWM,Haval H5
GWM,Hover
GWM,Steed
GWM,Voleex
HiPhi,A
HiPhi,X
HiPhi,Y
HiPhi,Z
Honda,Accord
Honda,Aerodeck
Honda,City
Honda,Civic
Honda,Clarity
Honda,Concerto
Honda,CR-V
Honda,CR-Z
Honda,CRX
Honda,e
Honda,e:NP1
Honda,e:NSP1
Honda,e:NY1
Honda,Element
Honda,FR-V
Honda,HR-V
Honda,Inny
Honda,Insight
Honda,Integra
Honda,Jazz
Honda,Legend
Honda,Logo
Honda,NSX
Honda,Odyssey
Honda,Pilot
Honda,Prelude
Honda,Ridgeline
Honda,S 2000
Honda,Shuttle
Honda,Stream
Honda,ZR-V
Hongqi,E-HS9
Hongqi,H5
Hongqi,H7
Hongqi,H9
Hongqi,HS5
Hongqi,HS7
Hongqi,Inny
Hummer,H1
Hummer,H2
Hummer,H3
Hummer,Inny
Hyundai,Accent
Hyundai,Atos
Hyundai,Avante
Hyundai,Azera
Hyundai,Bayon
Hyundai,Coupe
Hyundai,Elantra
Hyundai,Equus
Hyundai,Excel
Hyundai,Galloper
Hyundai,Genesis
Hyundai,Genesis Coupe
Hyundai,Getz
Hyundai,Grand Santa Fe
Hyundai,Grandeur
Hyundai,H-1
Hyundai,H-1 Starex
Hyundai,H200
Hyundai,H350
Hyundai,i10
Hyundai,i20
Hyundai,i25
Hyundai,i30
Hyundai,i30 N
Hyundai,i40
Hyundai,Inny
Hyundai,Inster
Hyundai,IONIQ
Hyundai,IONIQ 5
Hyundai,IONIQ 6
Hyundai,IONIQ 7
Hyundai,ix20
Hyundai,ix35
Hyundai,ix55
Hyundai,Kona
Hyundai,Lantra
Hyundai,Matrix
Hyundai,NEXO
Hyundai,Palisade
Hyundai,Pony
Hyundai,S-Coupe
Hyundai,Santa Cruz
Hyundai,Santa Fe
Hyundai,Santamo
Hyundai,Sonata
Hyundai,Sonica
Hyundai,Staria
Hyundai,Terracan
Hyundai,Trajet
Hyundai,Tucson
Hyundai,Veloster
Hyundai,Veracruz
Hyundai,XG 30
Hyundai,XG 350
iamelectric,ARIEL4
iamelectric,SHARK
Ineos,Grenadier
Ineos,Inny
Ineos,Quartermaster
Infiniti,EX
Infiniti,FX
Infiniti,G
Infiniti,I30
Infiniti,I35
Infiniti,Inny
Infiniti,J30
Infiniti,M
Infiniti,Q30
Infiniti,Q45
Infiniti,Q50
Infiniti,Q60
Infiniti,Q70
Infiniti,QX
Infiniti,QX30
Infiniti,QX50
Infiniti,QX60
Infiniti,QX70
Infiniti,QX80
Inny,Inny
Isuzu,Campo
Isuzu,D-Max
Isuzu,Gemini
Isuzu,Inny
Isuzu,Midi
Isuzu,Pick up
Isuzu,Trooper
Iveco,Daily
Iveco,Inny
Iveco,Massif
JAC,e-J7
JAC,e-JS1
JAC,e-JS4
JAC,J6
JAC,J7
JAC,JS2
JAC,JS3
JAC,JS4
JAC,JS6
JAC,JS7
JAC,JS8
JAC,T6
JAC,T8 PRO
JAC,T9
Jaecoo,5
Jaecoo,7
Jaecoo,9
Jaecoo,Inny
Jaguar,Daimler
Jaguar,E-Pace
Jaguar,E-Type
Jaguar,F-Pace
Jaguar,F-Type
Jaguar,I-Pace
Jaguar,Inny
Jaguar,MK II
Jaguar,S-Type
Jaguar,X-Type
Jaguar,XE
Jaguar,XF
Jaguar,XJ
Jaguar,XJR
Jaguar,XJS
Jaguar,XK
Jaguar,XK8
Jeep,Avenger
Jeep,Cherokee
Jeep,CJ
Jeep,Comanche
Jeep,Commander
Jeep,Compass
Jeep,Gladiator
Jeep,Grand Cherokee
Jeep,Inny
Jeep,Liberty
Jeep,Patriot
Jeep,Renegade
Jeep,Wagoneer
Jeep,Willys
Jeep,Wrangler
Jetour,Dashing
Jetour,Traveller
Jetour,X70
Jetour,X90
Jetour,X95
Jinpeng,Ami
Jinpeng,Inny
Kia,Asia Rocsta
Kia,Besta
Kia,Cadenza
Kia,Carens
Kia,Carnival
Kia,Ceed
Kia,Cerato
Kia,Clarus
Kia,Elan
Kia,EV3
Kia,EV5
Kia,EV6
Kia,EV9
Kia,Inny
Kia,Joice
Kia,Leo
Kia,Magentis
Kia,Mentor
Kia,Niro
Kia,Opirus
Kia,Optima
Kia,Picanto
Kia,Pregio
Kia,Pride
Kia,ProCeed
Kia,Retona
Kia,Rio
Kia,Roadster
Kia,Rocsta
Kia,Sedona
Kia,Sephia
Kia,Shuma
Kia,Sorento
Kia,Soul
Kia,Spectra
Kia,Sportage
Kia,Stinger
Kia,Stonic
Kia,Telluride
Kia,Venga
Kia,XCeed
KTM,X-BOW
Lada,110
Lada,111
Lada,1117
Lada,1118
Lada,1119
Lada,112
Lada,1200
Lada,1300
Lada,1500
Lada,2101
Lada,2103
Lada,2104
Lada,2105
Lada,2106
Lada,2107
Lada,2108
Lada,2109
Lada,2110
Lada,2111
Lada,2112
Lada,2170
Lada,Aleko
Lada,Forma
Lada,Granta
Lada,Inny
Lada,Kalina
Lada,Niva
Lada,Nova
Lada,Priora
Lada,Samara
Lamborghini,Aventador
Lamborghini,Countach
Lamborghini,Diablo
Lamborghini,Espada
Lamborghini,Gallardo
Lamborghini,Huracan
Lamborghini,Inny
Lamborghini,Jalpa
Lamborghini,LM
Lamborghini,Miura
Lamborghini,Murcielago
Lamborghini,Urraco
Lamborghini,Urus
Land Rover,Defender
Land Rover,Discovery
Land Rover,Discovery Sport
Land Rover,Freelander
Land Rover,Inny
Land Rover,Range Rover
Land Rover,Range Rover Evoque
Land Rover,Range Rover Sport
Land Rover,Range Rover Velar
Leapmotor,C01
Leapmotor,C11
LEVC,TX
Lexus,CT
Lexus,ES
Lexus,GS
Lexus,GX
Lexus,HS 250h
Lexus,Inny
Lexus,IS
Lexus,LBX
Lexus,LC
Lexus,LFA
Lexus,LM
Lexus,LS
Lexus,LX
Lexus,NX
Lexus,RC
Lexus,RX
Lexus,RZ
Lexus,SC
Lexus,TX
Lexus,UX
Ligier,Altul
Ligier,Ambra
Ligier,Be-Two
Ligier,Be-Up
Ligier,Inny
Ligier,IXO
Ligier,JS RC
Ligier,JS49
Ligier,JS50
Ligier,JS50L
Ligier,JS60
Ligier,Nova
Ligier,Optima
Ligier,X-Too
Ligier,X-Too Max
Ligier,X-Too R
Ligier,X-Too RS
Ligier,X-Too S
Lincoln,Aviator
Lincoln,Continental
Lincoln,Corsair
Lincoln,Inny
Lincoln,LS
Lincoln,Mark
Lincoln,Mark LT
Lincoln,MKC
Lincoln,MKX
Lincoln,MKZ
Lincoln,Nautilus
Lincoln,Navigator
Lincoln,Town Car
Lixiang,L7
Lixiang,L9
Lotus,340R
Lotus,Cortina
Lotus,Elan
Lotus,Eletre
Lotus,Elise
Lotus,Elite
Lotus,Emeya
Lotus,Emira
Lotus,Esprit
Lotus,Europa
Lotus,Evora
Lotus,Excel
Lotus,Exige
Lotus,Inny
Lotus,Super Seven
Lotus,V8
LTI,Fairway
LTI,Inne
LTI,Inny
LTI,TX2
LTI,TX4
Lucid,Air
Lucid,Gravity
Lynk & Co,01
Lynk & Co,02
Lynk & Co,03
MAN,Inny
MAN,TGE
Maserati,224
Maserati,3200
Maserati,Biturbo
Maserati,Coupe
Maserati,Ghibli
Maserati,GranCabrio
Maserati,Gransport
Maserati,GranTurismo
Maserati,Grecale
Maserati,Inny
Maserati,Levante
Maserati,MC20
Maserati,MC20 Cielo
Maserati,Merak
Maserati,Quattroporte
Maserati,Shamal
Maserati,Spyder
Maxus,eT90
Maxus,Euniq 5
Maxus,Euniq 6
Maxus,Inny
Maxus,MIFA 9
Maybach,57
Maybach,62
Maybach,Inny
Mazda,121
Mazda,2
Mazda,3
Mazda,323
Mazda,323F
Mazda,5
Mazda,6
Mazda,626
Mazda,929
Mazda,Bongo
Mazda,BT-50
Mazda,CX-3
Mazda,CX-30
Mazda,CX-5
Mazda,CX-50
Mazda,CX-60
Mazda,CX-7
Mazda,CX-80
Mazda,CX-9
Mazda,CX-90
Mazda,Demio
Mazda,Inny
Mazda,Millenia
Mazda,MPV
Mazda,MX-3
Mazda,MX-30
Mazda,MX-5
Mazda,MX-6
Mazda,Premacy
Mazda,Protege
Mazda,RX-6
Mazda,RX-7
Mazda,RX-8
Mazda,Seria B
Mazda,Seria E
Mazda,Tribute
Mazda,Xedos
McLaren,570 GT
McLaren,570S Coupe
McLaren,600LT Coupe
McLaren,600LT Spider
McLaren,650S
McLaren,675Lt
McLaren,720S Coupe
McLaren,720S Spider
McLaren,765LT Spider
McLaren,altul
McLaren,Artura
McLaren,GT
McLaren,Inny
McLaren,MP4-12C
Mercedes-Benz,280
Mercedes-Benz,AMG GT
Mercedes-Benz,Citan
Mercedes-Benz,CL
Mercedes-Benz,CLA
Mercedes-Benz,CLC
Mercedes-Benz,CLE
Mercedes-Benz,CLK
Mercedes-Benz,CLS
Mercedes-Benz,EQA
Mercedes-Benz,EQB
Mercedes-Benz,EQC
Mercedes-Benz,EQE
Mercedes-Benz,EQS
Mercedes-Benz,EQS 680 SUV
Mercedes-Benz,EQT
Mercedes-Benz,EQV
Mercedes-Benz,GL
Mercedes-Benz,GLA
Mercedes-Benz,GLB
Mercedes-Benz,GLC
Mercedes-Benz,GLE
Mercedes-Benz,GLK
Mercedes-Benz,GLS
Mercedes-Benz,Inny
Mercedes-Benz,Klasa A
Mercedes-Benz,Klasa B
Mercedes-Benz,Klasa C
Mercedes-Benz,Klasa E
Mercedes-Benz,Klasa G
Mercedes-Benz,Klasa R
Mercedes-Benz,Klasa S
Mercedes-Benz,Klasa T
Mercedes-Benz,Klasa V
Mercedes-Benz,Klasa X
Mercedes-Benz,Maybach GLS
Mercedes-Benz,Maybach Klasa S
Mercedes-Benz,Maybach SL 680
Mercedes-Benz,MB 100
Mercedes-Benz,ML
Mercedes-Benz,Monarch
Mercedes-Benz,SL
Mercedes-Benz,SLC
Mercedes-Benz,SLK
Mercedes-Benz,SLR
Mercedes-Benz,SLS
Mercedes-Benz,Sprinter
Mercedes-Benz,Vaneo
Mercedes-Benz,Vario
Mercedes-Benz,Viano
Mercedes-Benz,Vito
Mercedes-Benz,W123
Mercedes-Benz,W124
Mercedes-Benz,W201
Mercury,Comet
Mercury,Cougar
Mercury,Inny
Mercury,Marauder
Mercury,Mariner
Mercury,Marquis
Mercury,Milan
Mercury,Montego
Mercury,Monterey
Mercury,Mountaineer
Mercury,Sable
Mercury,Tracer
Mercury,Villager
Mercury,Zephyr
MG,4
MG,5
MG,Cyberster
MG,EHS
MG,HS
MG,Inny
MG,Marvel R
MG,MG3
MG,MGB
MG,MGF
MG,Midget
MG,ZS
MG,ZT
Microcar,Cargo
Microcar,DUE
Microcar,DUE First
Microcar,Flex
Microcar,Highland X
Microcar,Inny
Microcar,Ligier
Microcar,M.Cross
Microcar,M.GO
Microcar,MC
Microcar,Virgo
MINI,1000
MINI,1300
MINI,Aceman
MINI,Clubman
MINI,Cooper
MINI,Cooper S
MINI,Countryman
MINI,Inny
MINI,John Cooper Works
MINI,ONE
MINI,Paceman
Mitsubishi,3000GT
Mitsubishi,ASX
Mitsubishi,Canter
Mitsubishi,Carisma
Mitsubishi,Colt
Mitsubishi,Cordia
Mitsubishi,Cosmos
Mitsubishi,Diamante
Mitsubishi,Eclipse
Mitsubishi,Eclipse Cross
Mitsubishi,Endeavor
Mitsubishi,FTO
Mitsubishi,Galant
Mitsubishi,Galloper
Mitsubishi,Grandis
Mitsubishi,i-MiEV
Mitsubishi,Inny
Mitsubishi,L200
Mitsubishi,L300
Mitsubishi,L400
Mitsubishi,Lancer
Mitsubishi,Lancer Evolution
Mitsubishi,Montero
Mitsubishi,Outlander
Mitsubishi,Pajero
Mitsubishi,Pajero Pinin
Mitsubishi,Pajero Sport
Mitsubishi,Santamo
Mitsubishi,Sapporo
Mitsubishi,Sigma
Mitsubishi,Space Gear
Mitsubishi,Space Runner
Mitsubishi,Space Star
Mitsubishi,Space Wagon
Mitsubishi,Starion
Mitsubishi,Tredia
Morgan,Inny
Morgan,Plus 4
NIO,el7
NIO,et5
NIO,et7
Nissan,100 NX
Nissan,200 SX
Nissan,240 SX
Nissan,280 ZX
Nissan,300 ZX
Nissan,350 Z
Nissan,370 Z
Nissan,Almera
Nissan,Almera Tino
Nissan,Altima
Nissan,Ariya
Nissan,Armada
Nissan,Bluebird
Nissan,Cherry
Nissan,Cube
Nissan,Frontier
Nissan,GT-R
Nissan,Inny
Nissan,Interstar
Nissan,Juke
Nissan,King Cab
Nissan,Kubistar
Nissan,Laurel
Nissan,Leaf
Nissan,Maxima
Nissan,Micra
Nissan,Murano
Nissan,Navara
Nissan,Note
Nissan,NP300 Pickup
Nissan,NV200
Nissan,NV300
Nissan,NV400
Nissan,Pathfinder
Nissan,Patrol
Nissan,Pickup
Nissan,Pixo
Nissan,Prairie
Nissan,Primastar
Nissan,Primera
Nissan,Pulsar
Nissan,Qashqai
Nissan,Qashqai+2
Nissan,Quest
Nissan,Rogue
Nissan,Sentra
Nissan,Serena
Nissan,Silvia
Nissan,Skyline
Nissan,Stanza
Nissan,Sunny
Nissan,Terrano
Nissan,Tiida
Nissan,Titan
Nissan,Townstar
Nissan,Trade
Nissan,Urvan
Nissan,Vanette
Nissan,X-Trail
Nissan,Xterra
Nysa,Inny
Nysa,Seria 500
Nysa,Seria N
Oldsmobile,Alero
Oldsmobile,Aurora
Oldsmobile,Bravada
Oldsmobile,Custom Cruiser
Oldsmobile,Cutlass
Oldsmobile,Delta 88
Oldsmobile,Eighty - Eight
Oldsmobile,Inny
Oldsmobile,Intrigue
Oldsmobile,Regency
Oldsmobile,Silhouette
Oldsmobile,Supreme
Oldsmobile,Toronado
Omoda,5
Omoda,7
Omoda,9
Omoda,E5
Omoda,Inny
Opel,Adam
Opel,Agila
Opel,Ampera
Opel,Antara
Opel,Arena
Opel,Ascona
Opel,Astra
Opel,Calibra
Opel,Campo
Opel,Cascada
Opel,Combo
Opel,Commodore
Opel,Corsa
Opel,Crossland
Opel,Crossland X
Opel,Diplomat
Opel,Frontera
Opel,Grandland
Opel,Grandland X
Opel,GT
Opel,Inny
Opel,Insignia
Opel,Kadett
Opel,Karl
Opel,Manta
Opel,Meriva
Opel,Mokka
Opel,Monterey
Opel,Monza
Opel,Movano
Opel,Nova
Opel,Omega
Opel,Pick up Sportcap
Opel,Rekord
Opel,Senator
Opel,Signum
Opel,Sintra
Opel,Speedster
Opel,Tigra
Opel,Vectra
Opel,Vivaro
Opel,Zafira
Peugeot,1007
Peugeot,104
Peugeot,106
Peugeot,107
Peugeot,108
Peugeot,2008
Peugeot,204
Peugeot,205
Peugeot,206
Peugeot,206 CC
Peugeot,206 plus
Peugeot,207
Peugeot,207 CC
Peugeot,208
Peugeot,3008
Peugeot,301
Peugeot,304
Peugeot,305
Peugeot,306
Peugeot,307
Peugeot,307 CC
Peugeot,308
Peugeot,308 CC
Peugeot,309
Peugeot,395
Peugeot,4007
Peugeot,4008
Peugeot,404
Peugeot,405
Peugeot,406
Peugeot,407
Peugeot,408
Peugeot,5008
Peugeot,504
Peugeot,505
Peugeot,508
Peugeot,604
Peugeot,605
Peugeot,607
Peugeot,806
Peugeot,807
Peugeot,Bipper
Peugeot,Boxer
Peugeot,E-5008
Peugeot,Expert
Peugeot,Inny
Peugeot,iOn
Peugeot,Partner
Peugeot,RCZ
Peugeot,Rifter
Peugeot,Traveller
Piaggio,Inny
Piaggio,Porter
Plymouth,Belvedere
Plymouth,Caravelle
Plymouth,Duster
Plymouth,Fury
Plymouth,Gran Fury
Plymouth,Grand Voyager
Plymouth,GTX
Plymouth,Horizon
Plymouth,Inny
Plymouth,Laser
Plymouth,Prowler
Plymouth,Road Runner
Plymouth,Satellite
Plymouth,Superbird
Plymouth,Turismo
Plymouth,Valiant
Plymouth,Voyager
Polestar,1
Polestar,2
Polestar,3
Polonez,1.5
Polonez,1.6
Polonez,Atu
Polonez,Caro
Polonez,Inny
Pontiac,1000
Pontiac,6000
Pontiac,Bonneville
Pontiac,Catalina
Pontiac,Chieftain
Pontiac,Fiero
Pontiac,Firebird
Pontiac,G6
Pontiac,Grand-Am
Pontiac,Grand-Prix
Pontiac,GTO
Pontiac,Inny
Pontiac,Le Mans
Pontiac,Montana
Pontiac,Solstice
Pontiac,Sunbird
Pontiac,Sunfire
Pontiac,Trans Am
Pontiac,Trans Sport
Pontiac,Vibe
Porsche,356
Porsche,718 Boxster
Porsche,718 Cayman
Porsche,718 Spyder
Porsche,911
Porsche,912
Porsche,914
Porsche,924
Porsche,928
Porsche,944
Porsche,959
Porsche,962
Porsche,968
Porsche,Boxster
Porsche,Carrera GT
Porsche,Cayenne
Porsche,Cayman
Porsche,Inny
Porsche,Macan
Porsche,Panamera
Porsche,Taycan
RAM,1500
RAM,2500
RAM,3500
RAM,Inny
Renault,10
Renault,11
Renault,12
Renault,14
Renault,18
Renault,19
Renault,20
Renault,21
Renault,25
Renault,30
Renault,4
Renault,5
Renault,8
Renault,9
Renault,Alaskan
Renault,Alpine A110
Renault,Alpine A310
Renault,Alpine V6
Renault,Arkana
Renault,Austral
Renault,Avantime
Renault,Captur
Renault,Clio
Renault,Coupe
Renault,Espace
Renault,Express
Renault,Fluence
Renault,Fuego
Renault,Grand Espace
Renault,Grand Scenic
Renault,Inny
Renault,Kadjar
Renault,Kangoo
Renault,Koleos
Renault,Laguna
Renault,Latitude
Renault,Master
Renault,Megane
Renault,Modus
Renault,Rafale
Renault,Safrane
Renault,Scenic
Renault,Scenic Conquest
Renault,Scenic RX4
Renault,Symbioz
Renault,Talisman
Renault,Thalia
Renault,Trafic
Renault,Twingo
Renault,Twizy
Renault,Vel Satis
Renault,Wind
Renault,Zoe
Rolls-Royce,Corniche
Rolls-Royce,Cullinan
Rolls-Royce,Dawn
Rolls-Royce,Flying Spur
Rolls-Royce,Ghost
Rolls-Royce,Inny
Rolls-Royce,Park Ward
Rolls-Royce,Phantom
Rolls-Royce,Silver Cloud
Rolls-Royce,Silver Down
Rolls-Royce,Silver Seraph
Rolls-Royce,Silver Shadow
Rolls-Royce,Silver Spirit
Rolls-Royce,Silver Spur
Rolls-Royce,Spectre
Rolls-Royce,Touring Limousine
Rolls-Royce,Wraith
Rover,100
Rover,111
Rover,114
Rover,115
Rover,200
Rover,213
Rover,214
Rover,216
Rover,218
Rover,220
Rover,25
Rover,400
Rover,414
Rover,416
Rover,418
Rover,420
Rover,45
Rover,600
Rover,618
Rover,620
Rover,623
Rover,75
Rover,800
Rover,820
Rover,825
Rover,827
Rover,City Rover
Rover,Inny
Rover,Metro
Rover,MG
Rover,Mini
Rover,Montego
Rover,SD
Rover,Streetwise
Saab,9-2X
Saab,9-3
Saab,9-3X
Saab,9-5
Saab,9-7X
Saab,90
Saab,900
Saab,9000
Saab,96
Saab,99
Saab,Inny
SARINI,M1
SARINI,M1 LUQI
SARINI,PIAWA
SARINI,X7
SARINI,X8
SARINI,X9
Saturn,Sky
Seat,Alhambra
Seat,Altea
Seat,Altea XL
Seat,Arona
Seat,Arosa
Seat,Ateca
Seat,Cordoba
Seat,Exeo
Seat,Ibiza
Seat,Inca
Seat,Inny
Seat,Leon
Seat,Malaga
Seat,Marbella
Seat,Mii
Seat,Ronda
Seat,Tarraco
Seat,Terra
Seat,Toledo
Seres,3
Seres,SF5
Shuanghuan,Inny
Shuanghuan,Sceo
Skoda,100
Skoda,105
Skoda,120
Skoda,130
Skoda,135
Skoda,Citigo
Skoda,Elroq
Skoda,Enyaq
Skoda,Fabia
Skoda,Favorit
Skoda,Felicia
Skoda,Forman
Skoda,Inny
Skoda,Kamiq
Skoda,Karoq
Skoda,Kodiaq
Skoda,Octavia
Skoda,Praktik
Skoda,RAPID
Skoda,Roomster
Skoda,Scala
Skoda,Superb
Skoda,Yeti
Skywell,ET5
Skyworth,CE11
Skyworth,K
Skyworth,K-i
Smart,Crossblade
Smart,Forfour
Smart,Fortwo
Smart,Inny
Smart,Roadster
Smart,Roomster
SsangYong,Actyon
SsangYong,Family
SsangYong,Inny
SsangYong,Korando
SsangYong,Kyron
SsangYong,Musso
SsangYong,Rexton
SsangYong,Rodius
SsangYong,Tivoli
SsangYong,Tivoli Grand
SsangYong,Torres
SsangYong,XLV
Subaru,1800 Coupe
Subaru,Ascent
Subaru,B9 Tribeca
Subaru,Baja
Subaru,BRZ
Subaru,Crosstrek
Subaru,Forester
Subaru,G3X Justy
Subaru,Impreza
Subaru,Inny
Subaru,Justy
Subaru,Legacy
Subaru,Leone
Subaru,Levorg
Subaru,Outback
Subaru,Solterra
Subaru,SVX
Subaru,Trezia
Subaru,Tribeca
Subaru,Vivio
Subaru,WRX
Subaru,XT
Subaru,XV
Suzuki,Across
Suzuki,Alto
Suzuki,Baleno
Suzuki,Cappucino
Suzuki,Carry
Suzuki,Celerio
Suzuki,Fronx
Suzuki,Grand Vitara
Suzuki,Ignis
Suzuki,Inny
Suzuki,Jimny
Suzuki,Kizashi
Suzuki,Liana
Suzuki,LJ
Suzuki,Reno
Suzuki,Samurai
Suzuki,SJ
Suzuki,Splash
Suzuki,Super-Carry
Suzuki,Swace
Suzuki,Swift
Suzuki,SX4
Suzuki,SX4 S-Cross
Suzuki,Vitara
Suzuki,Wagon R+
Suzuki,X-90
Suzuki,XL7
Syrena,101
Syrena,102
Syrena,103
Syrena,104
Syrena,105
Syrena,Bosto
Syrena,Inny
Syrena,R-20
Tarpan,Inny
Tata,Indica
Tata,Indigo
Tata,Inny
Tata,Nano
Tata,Safari
Tata,Xenon
Tesla,Cybertruck
Tesla,Model 3
Tesla,Model S
Tesla,Model X
Tesla,Roadster
Tesla,Y
Toyota,4-Runner
Toyota,Auris
Toyota,Avalon
Toyota,Avensis
Toyota,Avensis Verso
Toyota,Aygo
Toyota,Aygo X
Toyota,bZ4X
Toyota,C-HR
Toyota,Camry
Toyota,Camry Solara
Toyota,Carina
Toyota,Celica
Toyota,Corolla
Toyota,Corolla Cross
Toyota,Corolla Verso
Toyota,Cressida
Toyota,Crown
Toyota,Dyna
Toyota,FJ
Toyota,GR86
Toyota,Grand Highlander
Toyota,GT86
Toyota,Hiace
Toyota,Highlander
Toyota,Hilux
Toyota,Inny
Toyota,iQ
Toyota,Land Cruiser
Toyota,Lite-Ace
Toyota,Matrix
Toyota,Mirai
Toyota,MR2
Toyota,Paseo
Toyota,Picnic
Toyota,Previa
Toyota,Prius
Toyota,Prius+
Toyota,ProAce
Toyota,Proace City
Toyota,Proace City Verso
Toyota,Proace Verso
Toyota,RAV4
Toyota,Sequoia
Toyota,Sienna
Toyota,Starlet
Toyota,Supra
Toyota,Tacoma
Toyota,Tercel
Toyota,Tundra
Toyota,Urban Cruiser
Toyota,Venza
Toyota,Verso
Toyota,Verso S
Toyota,Yaris
Toyota,Yaris Cross
Toyota,Yaris Verso
Trabant,601
Trabant,Inny
Trabant,P 50
Triumph,Dolomite
Triumph,Inny
Triumph,Moss
Triumph,Spitfire
Triumph,TR3
Triumph,TR4
Triumph,TR5
Triumph,TR6
Triumph,TR7
Triumph,TR8
Uaz,3153
Uaz,3162
Uaz,452
Uaz,469 B
Uaz,Inny
Vauxhall,Astra
Vauxhall,Frontera
Vauxhall,Inny
Vauxhall,Omega
Vauxhall,Vectra
Vauxhall,Vivaro
VELEX,Inny
Volkswagen,181
Volkswagen,Amarok
Volkswagen,Arteon
Volkswagen,Atlas
Volkswagen,Beetle
Volkswagen,Bora
Volkswagen,Buggy
Volkswagen,Caddy
Volkswagen,California
Volkswagen,Caravelle
Volkswagen,CC
Volkswagen,Corrado
Volkswagen,Crafter
Volkswagen,Eos
Volkswagen,Fox
Volkswagen,Garbus
Volkswagen,Golf
Volkswagen,Golf Plus
Volkswagen,Golf Sportsvan
Volkswagen,ID. Buzz
Volkswagen,ID.3
Volkswagen,ID.4
Volkswagen,ID.5
Volkswagen,ID.6
Volkswagen,ID.7
Volkswagen,Iltis
Volkswagen,Inny
Volkswagen,Jetta
Volkswagen,Kafer
Volkswagen,Karmann Ghia
Volkswagen,LT
Volkswagen,Lupo
Volkswagen,Multivan
Volkswagen,New Beetle
Volkswagen,Passat
Volkswagen,Passat Alltrack
Volkswagen,Passat CC
Volkswagen,Phaeton
Volkswagen,Polo
Volkswagen,Polo Cross
Volkswagen,Routan
Volkswagen,Santana
Volkswagen,Scirocco
Volkswagen,Sharan
Volkswagen,T-Cross
Volkswagen,T-Roc
Volkswagen,Taigo
Volkswagen,Tayron
Volkswagen,Teramont
Volkswagen,Tiguan
Volkswagen,Tiguan Allspace
Volkswagen,Touareg
Volkswagen,Touran
Volkswagen,Transporter
Volkswagen,up!
Volkswagen,Vento
Volvo,245
Volvo,262
Volvo,340
Volvo,744
Volvo,745
Volvo,780
Volvo,850
Volvo,855
Volvo,945
Volvo,965
Volvo,C30
Volvo,C40
Volvo,C70
Volvo,EX30
Volvo,EX90
Volvo,Inny
Volvo,MY23
Volvo,P1800
Volvo,Polar
Volvo,S40
Volvo,S60
Volvo,S70
Volvo,S80
Volvo,S90
Volvo,Seria 200
Volvo,Seria 300
Volvo,Seria 400
Volvo,Seria 700
Volvo,Seria 900
Volvo,V40
Volvo,V40 Cross Country
Volvo,V50
Volvo,V60
Volvo,V60 Cross Country
Volvo,V70
Volvo,V90
Volvo,V90 Cross Country
Volvo,XC 40
Volvo,XC 60
Volvo,XC 70
Volvo,XC 90
Voyah,Dream
Voyah,Free
Warszawa,203
Warszawa,204
Warszawa,223
Warszawa,224
Warszawa,Inny
Warszawa,M-20
Warszawa,Pick-up
Wartburg,1.3
Wartburg,311
Wartburg,312
Wartburg,313
Wartburg,353
Wartburg,Inny
Wołga,2410
Wołga,GAZ-21
Wołga,GAZ-24
Wołga,Inny
Xiaomi,SU7
XPeng,G3i
XPeng,G9
XPeng,P5
XPeng,P7
Zaporożec,965
Zaporożec,968
Zaporożec,Inny
ZEEKR,001
ZEEKR,007
ZEEKR,009
ZEEKR,Inny
ZEEKR,X
Zhidou,D1
Zhidou,D2
Zhidou,D3
Zhidou,Inny
Zhidou,KWB
